ts_ms,session_id,bot_id,battery_v,sim.motors.Wheel.target_velocity,sim.motors.Wheel.velocity,sim.motors.Wheel.target_power,sim.motors.Wheel.power,sim.motors.Wheel.position,sim.motors.Wheel2.target_velocity,sim.motors.Wheel2.velocity,sim.motors.Wheel2.target_power,sim.motors.Wheel2.power,sim.motors.Wheel2.position,sim.motors.Intake.target_velocity,sim.motors.Intake.velocity,sim.motors.Intake.target_power,sim.motors.Intake.power,sim.motors.Intake.position,sim.lift.position,sim.lift.direction,sim.lift.pwm_enabled,sim.target_rpm,sim.measured_rpm,sim.ready,sim.locked_out,sim.spin_requested,sim.battery_v,sim.last_shot.rpm_at_fire,sim.last_shot.ready_latency_ms,sim.last_shot.fire_ts,sim.last_shot.recorded_ts_ms,sim.last_shot.shot_id
1763192894906,virt-867c65f0,virtual_shooter,13.542,0.0,0.0,0.0,0.0,0.0,0.0,0.0,0.0,0.0,0.0,0.0,0.0,0.0,0.0,0.0,0.1,FORWARD,True,0,0.0,False,False,False,12.6,,,,,
1763192894920,,,13.551,,,,,,,,,,,,,,,,,,,,,,,,12.6708260413875,,,,,
1763192895039,,,13.538,,,,,,,,,,,,,,,,,,,,,,,,12.706693994172502,,,,,
1763192895161,,,13.547,,,,,,,,,,,,,,,,,,,,,,,,12.750332725007505,,,,,
1763192895282,,,,,,,,,,,,,,,,,,,,,,,,,,,12.792169404105003,,,,,
1763192895402,,,13.551,,,,,,,,,,,,,,,,,,,,,,,,12.839054466979999,,,,,
1763192895522,,,13.547,,,,,,,,,,,,,,,,,,,,,,,,12.8879342842425,,,,,
1763192895645,,,,,,,,,,,,,,,,,,,,,,,,,,,12.938696584782502,,,,,
1763192895766,,,13.551,,,,,,,,,,,,,,,,,,,,,,,,12.987726040362503,,,,,
1763192895886,,,,,,,,,,,,,,,,,,,,,,,,,,,13.032334440072503,,,,,
1763192896008,,,,,,,,,,,,,,,,,,,,,,,,,,,13.076921014640005,,,,,
1763192896130,,,13.542,,,,,,,,,,,,,,,,,,,,,,,,13.119645915635004,,,,,
1763192896250,,,13.538,,,,,,,,,,,,,,,,,,,,,,,,13.167476366747502,,,,,
1763192896372,,,13.551,,,,,,,,,,,,,,,,,,,,,,,,13.2,,,,,
1763192896494,,,13.547,,,,,,,,,,,,,,,,,,,,,,,,,,,,,
1763192896614,,,13.551,,,,,,,,,,,,,,,,,,,,,,,,,,,,,
1763192896735,,,13.547,,,,,,,,,,,,,,,,,,,,,,,,,,,,,
1763192896978,,,13.551,,,,,,,,,,,,,,,,,,,,,,,,,,,,,
1763192897101,,,13.547,,,,,,,,,,,,,,,,,,,,,,,,,,,,,
1763192897223,,,13.551,,,,,,,,,,,,,,,,,,,,,,,,,,,,,
1763192897344,,,13.547,,,,,,,,,,,,,,,,,,,,,,,,,,,,,
1763192897465,,,13.551,,,,,,,,,,,,,,,,,,,,,,,,,,,,,
1763192897586,,,13.547,,,,,,,,,,,,,,,,,,,,,,,,,,,,,
1763192897834,,,13.538,,,,,,,,,,,,,,,,,,,,,,,,,,,,,
1763192897955,,,13.551,,,,,,,,,,,,,,,,,,,,,,,,,,,,,
1763192898077,,,13.538,,,,,,,,,,,,,,,,,,,,,,,,,,,,,
1763192898199,,,13.551,,,,,,,,,,,,,,,,,,,,,,,,,,,,,
1763192898321,,,13.547,,,,,,,,,,,,,,,,,,,,,,,,,,,,,
1763192898443,,,13.551,,,,,,,,,,,,,,,,,,,,,,,,,,,,,
1763192898686,,,13.547,,,,,,,,,,,,,,,,,,,,,,,,,,,,,
1763192898932,,,13.538,,,,,,,,,,,,,,,,,,,,,,,,,,,,,
1763192899053,,,13.547,,,,,,,,,,,,,,,,,,,,,,,,,,,,,
1763192899173,,,13.551,,,,,,,,,,,,,,,,,,,,,,,,,,,,,
1763192899295,,,13.547,,,,,,,,,,,,,,,,,,,,,,,,,,,,,
1763192900021,,,,1120.0,1120.0,0.8,0.8,2780.2363187980427,1120.0,1120.0,0.8,0.8,2780.2363187980427,,,,,,,,,2400,2397.300983638756,,,True,12.079373011886164,,,,,
1763192900143,,,,,,,,5554.086405358109,,,,,5554.086405358109,,,,,,,,,,2399.9995515489873,,,,10.969832977262138,,,,,
1763192900265,,,,,,,,8339.776205678083,,,,,8339.776205678083,,,,,,,,,,2399.9999999254887,,,,10.9,,,,,
1763192900387,,,13.551,,,,,11289.48374967809,,,,,11289.48374967809,,,,,,,,,,2399.999999999992,True,,,,,,,,
1763192900508,,,13.547,,,,,14157.921519918054,,,,,14157.921519918054,,,,,,,,,,2399.999999999999,,,,,,,,,
1763192900629,,,,,,,,16915.013596398094,,,,,16915.013596398094,,,,,,,,,,,,,,,,,,,
1763192900749,,,,,,,,19831.415176238046,,,,,19831.415176238046,,,,,,,,,,,,,,,,,,,
1763192900871,,,13.551,,,,,22825.519650158043,,,,,22825.519650158043,,,,,,,,,,,,,,,,,,,
1763192900993,,,13.547,,,,,25884.35444679811,,,,,25884.35444679811,,,,,,,,,,,,,,,,,,,
1763192901115,,,13.542,,,,,28585.799838478077,,,,,28585.799838478077,,,,,,,,,,,,,,,,,,,
1763192901236,,,13.547,,,,,31540.193391918103,,,,,31540.193391918103,,,,,,,,,,,,,,,,,,,
1763192901356,,,13.542,,,,,34181.83624023808,,,,,34181.83624023808,,,,,,,,,,,,,,,,,,,
1763192901478,,,13.547,,,,,37131.134766958,,,,,37131.134766958,,,,,,,,,,,,,,,,,,,
1763192901599,,,13.551,,,,,40069.464802158014,,,,,40069.464802158014,,,,,,,,,,,,,,,,,,,
1763192901722,,,13.547,,,,,43139.603535918024,,,,,43139.603535918024,,,,,,,,,,,,,,,,,,,
1763192901843,,,,,,,,46221.527126958004,,,,,46221.527126958004,,,,,,,,,,,,,,,,,,,
1763192901964,,,13.551,,,,,48886.692260078045,,,,,48886.692260078045,,,,,,,,,,,,,,,,,,,
1763192902084,,,13.547,,,,,51811.922018158046,,,,,51811.922018158046,,,,,,,,,,,,,,,,,,,
1763192902206,,,,,,,,55049.00933735798,,,,,55049.00933735798,,,,,,,,,,,,,,,,,,,
1763192902328,,,,,,,,58063.90972823796,,,,,58063.90972823796,,,,,,,,,,,,,,,,,,,
1763192902451,,,,,,,,61060.9868815179,,,,,61060.9868815179,,,,,,,,,,,,,,,,,,,
1763192902573,,,13.551,,,,,63960.98816919792,,,,,63960.98816919792,,,,,,,,,,,,,,,,,,,
1763192902693,,,13.547,,,,,66869.9139674379,,,,,66869.9139674379,,,,,,,,,,,,,,,,,,,
1763192902814,,,,,,,,70024.5901690379,,,,,70024.5901690379,,,,,,,,,,,,,,,,,,,
1763192902934,,,,,,,,73194.60857191795,,,,,73194.60857191795,,,,,,,,,,,,,,,,,,,
1763192903056,,,,,,,,76049.73368839781,,,,,76049.73368839781,,,,,,,,,,,,,,,,,,,
1763192903178,,,13.551,,,,,79076.2336874378,,,,,79076.2336874378,,,,,,,,,,,,,,,,,,,
1763192903300,,,13.547,,,,,81995.65398759788,,,,,81995.65398759788,,,,,,,,,,,,,,,,,,,
1763192903421,,,,,,,,84920.0788375179,,,,,84920.0788375179,,,,,,,,,,,,,,,,,,,
1763192903544,,,,,,,,87939.57804807785,,,,,87939.57804807785,,,,,,,,,,,,,,,,,,,
1763192903666,,,,,,,,90916.78566215784,,,,,90916.78566215784,,,,,,,,,,,,,,,,,,,
1763192903788,,,,,,,,93843.21228583781,,,,,93843.21228583781,,,,,,,,,,,,,,,,,,,
1763192903910,,,13.551,,,,,96673.67341303776,,,,,96673.67341303776,,,,,,,,,,,,,,,,,,,
1763192904031,,,13.547,,,,,100043.53997239783,,,,,100043.53997239783,,,,,,,,,,,,,,,,,,,
1763192904154,,,,,,,,103038.46079191782,,,,,103038.46079191782,,,,,,,,,,,,,,,,,,,
1763192904276,,,,,,,,106091.79383383782,,,,,106091.79383383782,,,,,,,,,,,,,,,,,,,
1763192904396,,,,,,,,108947.33970519785,,,,,108947.33970519785,,,,,,,,,,,,,,,,,,,
1763192904518,,,,,,,,112020.24762551783,,,,,112020.24762551783,,,,,,,,,,,,,,,,,,,
1763192904639,,,13.533,,,,,114732.67032871782,,,,,114732.67032871782,,,,,,,,,,,,,,,,,,,
1763192904759,,,13.542,,,,,118116.83182103782,,,,,118116.83182103782,,,,,,,,,,,,,,,,,,,
1763192904882,,,,,,,,121142.67359271775,,,,,121142.67359271775,,,,,,,,,,,,,,,,,,,
1763192905003,,,13.547,,,,,124167.72710279773,,,,,124167.72710279773,,,,,,,,,,,,,,,,,,,
1763192905125,,,,,,,,127374.9417136777,,,,,127374.9417136777,,,,,,,,,,,,,,,,,,,
1763192905247,,,,,,,,130544.4015098377,,,,,130544.4015098377,,,,,,,,,,,,,,,,,,,
1763192905370,,,13.551,,,,,133568.92422279768,,,,,133568.92422279768,,,,,,,,,,,,,,,,,,,
1763192905492,,,13.547,,,,,136623.00927303758,,,,,136623.00927303758,,,,,,,,,,,,,,,,,,,
1763192905613,,,,,,,,139480.07802631758,,,,,139480.07802631758,,,,,,,,,,,,,,,,,,,
1763192905734,,,,,,,,142627.91478775756,,,,,142627.91478775756,,,,,,,,,,,,,,,,,,,
1763192905856,,,,,,,,145825.2268637575,,,,,145825.2268637575,,,,,,,,,,,,,,,,,,,
1763192905977,,,,,,,,148958.87747895747,,,,,148958.87747895747,,,,,,,,,,,,,,,,,,,
1763192906100,,,,,,,,152016.01980663752,,,,,152016.01980663752,,,,,,,,,,,,,,,,,,,
1763192906221,,,,,,,,154959.77709975746,,,,,154959.77709975746,,,,,,,,,,,,,,,,,,,
1763192906344,,,,,,,,158050.82776231744,,,,,158050.82776231744,,,,,,,,,,,,,,,,,,,
1763192906466,,,,,,,,161053.85971591744,,,,,161053.85971591744,,,,,,,,,,,,,,,,,,,
1763192906588,,,13.551,,,,,164125.40935287756,,,,,164125.40935287756,,,,,,,,,,,,,,,,,,,
1763192906710,,,13.547,,,,,167392.88650119735,,,,,167392.88650119735,,,,,,,,,,,,,,,,,,,
1763192906832,,,,,,,,170320.52150183724,,,,,170320.52150183724,,,,,,,,,,,,,,,,,,,
1763192906954,,,,,,,,172965.9118779973,,,,,172965.9118779973,,,,,,,,,,,,,,,,,,,
1763192907074,,,,,,,,176013.5315490373,,,,,176013.5315490373,,,,,,,,,,,,,,,,,,,
1763192907196,,,,,,,,178855.44525191723,,,,,178855.44525191723,,,,,,,,,,,,,,,,,,,
1763192907318,,,13.551,,,,,181836.56861783715,,,,,181836.56861783715,,,,,,,,,,,,,,,,,,,
1763192907439,,,,,,,,184742.77358327716,,,,,184742.77358327716,,,,,,,,,,,,,,,,,,,
1763192907559,,,,,,,,187710.60295463703,,,,,187710.60295463703,,,,,,,,,,,,,,,,,,,
1763192907681,,,13.547,,,,,190613.22080423703,,,,,190613.22080423703,,,,,,,,,,,,,,,,,,,
1763192907802,,,,,,,,193624.11953255703,,,,,193624.11953255703,,,,,,,,,,,,,,,,,,,
1763192907924,,,13.542,,,,,196400.4793991171,,,,,196400.4793991171,,,,,,,,,,,,,,,,,,,
1763192908045,,,13.547,,,,,199348.81559719704,,,,,199348.81559719704,,,,,,,,,,,,,,,,,,,
1763192908165,,,13.542,,,,,202109.89300551693,,,,,202109.89300551693,,,,,,,,,,,,,,,,,,,
1763192908288,,,13.547,,,,,205240.82510183688,,,,,205240.82510183688,,,,,,,,,,,,,,,,,,,
1763192908411,,,,,,,,208111.39370791707,,,,,208111.39370791707,,,,,,,,,,,,,,,,,,,
1763192908531,,,13.542,,,,,211159.0332824771,,,,,211159.0332824771,,,,,,,,,,,,,,,,,,,
1763192908653,,,,,,,,214099.64609159713,,,,,214099.64609159713,,,,,,,,,,,,,,,,,,,
1763192908773,,,13.547,,,,,217064.72100887715,,,,,217064.72100887715,,,,,,,,,,,,,,,,,,,
1763192908895,,,13.542,,,,,220431.68185255726,,,,,220431.68185255726,,,,,,,,,,,,,,,,,,,
1763192909015,,,,,,,,223624.9987765573,,,,,223624.9987765573,,,,,,,,,,,,,,,,,,,
1763192909136,,,13.547,,,,,226923.6722312773,,,,,226923.6722312773,,,,,,,,,,,,,,,,,,,
1763192909256,,,13.542,,,,,230231.13629047712,,,,,230231.13629047712,,,,,,,,,,,,,,,,,,,
1763192909376,,,13.547,,,,,233294.68027495724,,,,,233294.68027495724,,,,,,,,,,,,,,,,,,,
1763192909497,,,13.542,,,,,236241.6065565572,,,,,236241.6065565572,,,,,,,,,,,,,,,,,,,
1763192909619,,,13.547,,,,,239300.23487335703,,,,,239300.23487335703,,,,,,,,,,,,,,,,,,,
1763192909739,,,,,,,,242070.48672359707,,,,,242070.48672359707,,,,,,,,,,,,,,,,,,,
1763192909862,,,,,,,,245066.64592823712,,,,,245066.64592823712,,,,,,,,,,,,,,,,,,,
1763192909982,,,,,,,,247725.84711175712,,,,,247725.84711175712,,,,,,,,,,,,,,,,,,,
1763192910104,,,13.542,,,,,250774.44674583714,,,,,250774.44674583714,,,,,,,,,,,,,,,,,,,
1763192910224,,,13.547,,,,,253551.15844919704,,,,,253551.15844919704,,,,,,,,,,,,,,,,,,,
1763192910344,,,,,,,,256616.18224935696,,,,,256616.18224935696,,,,,,,,,,,,,,,,,,,
1763192910465,,,,,,,,259245.16938327692,,,,,259245.16938327692,,,,,,,,,,,,,,,,,,,
1763192910587,,,,,,,,262316.774888077,,,,,262316.774888077,,,,,,,,,,,,,,,,,,,
1763192910708,,,,,,,,265172.9619829571,,,,,265172.9619829571,,,,,,,,,,,,,,,,,,,
1763192910828,,,,,,,,268125.730688557,,,,,268125.730688557,,,,,,,,,,,,,,,,,,,
1763192910949,,,13.542,,,,,270631.22736727714,,,,,270631.22736727714,,,,,,,,,,,,,,,,,,,
1763192911069,,,13.547,,,,,273605.3760720772,,,,,273605.3760720772,,,,,,,,,,,,,,,,,,,
1763192911190,,,13.542,,,,,276429.05853927706,,,,,276429.05853927706,,,,,,,,,,,,,,,,,,,
1763192911312,,,13.551,,,,,279544.5765179972,,,,,279544.5765179972,,,,,,,,,,,,,,,,,,,
1763192911433,,,13.542,,,,,282547.23314167716,,,,,282547.23314167716,,,,,,,,,,,,,,,,,,,
1763192911555,,,13.547,,,,,285633.84865015734,,,,,285633.84865015734,,,,,,,,,,,,,,,,,,,
1763192911675,,,,,,,,288740.24215351726,,,,,288740.24215351726,,,,,,,,,,,,,,,,,,,
1763192911797,,,13.538,,,,,291766.2126288774,,,,,291766.2126288774,,,,,,,,,,,,,,,,,,,
1763192911918,,,13.547,,,,,295194.67402439733,,,,,295194.67402439733,,,,,,,,,,,,,,,,,,,
1763192912038,,,,,,,,298399.8489674372,,,,,298399.8489674372,,,,,,,,,,,,,,,,,,,
1763192912159,,,,,,,,301295.8256863174,,,,,301295.8256863174,,,,,,,,,,,,,,,,,,,
1763192912279,,,,,,,,304149.08192039747,,,,,304149.08192039747,,,,,,,,,,,,,,,,,,,
1763192912401,,,13.551,,,,,307146.4011101573,,,,,307146.4011101573,,,,,,,,,,,,,,,,,,,
1763192912521,,,13.542,,,,,310132.1533699975,,,,,310132.1533699975,,,,,,,,,,,,,,,,,,,
1763192912642,,,,,,,,313154.5677501577,,,,,313154.5677501577,,,,,,,,,,,,,,,,,,,
1763192912764,,,13.547,,,,,315912.3572954377,,,,,315912.3572954377,,,,,,,,,,,,,,,,,,,
1763192912886,,,,,,,,318989.3488835978,,,,,318989.3488835978,,,,,,,,,,,,,,,,,,,
1763192913009,,,,,,,,321657.6954237579,,,,,321657.6954237579,,,,,,,,,,,,,,,,,,,
1763192913131,,,13.542,,,,,324759.7495296779,,,,,324759.7495296779,,,,,,,,,,,,,,,,,,,
1763192913253,,,13.547,,,,,327374.106878638,,,,,327374.106878638,,,,,,,,,,,,,,,,,,,
1763192913373,,,,,,,,330267.90213431785,,,,,330267.90213431785,,,,,,,,,,,,,,,,,,,
1763192913495,,,,,,,,332992.925695438,,,,,332992.925695438,,,,,,,,,,,,,,,,,,,
1763192913616,,,,,,,,336033.3619765581,,,,,336033.3619765581,,,,,,,,,,,,,,,,,,,
1763192913737,,,13.542,,,,,338770.6632935181,,,,,338770.6632935181,,,,,,,,,,,,,,,,,,,
1763192913858,,,13.547,,,,,341832.86666823813,,,,,341832.86666823813,,,,,,,,,,,,,,,,,,,
1763192913980,,,13.542,,,,,344695.47962871805,,,,,344695.47962871805,,,,,,,,,,,,,,,,,,,
1763192914100,,,13.547,,,,,348036.11672487785,,,,,348036.11672487785,,,,,,,,,,,,,,,,,,,
1763192914222,,,13.542,,,,,350885.9974973581,,,,,350885.9974973581,1400.0,1400.0,1.0,1.0,2199.9005364000304,0.65,,,,,False,,,,,,,,
1763192914343,,,13.547,,,,,353955.9506975181,,,,,353955.9506975181,,,,,6037.3420366001255,,,,,,,,,,,,,,
1763192914464,,,,,,,,357029.36755255825,,,,,357029.36755255825,0.0,0.0,0.0,0.0,6344.372923347396,,,,,,,True,,,2399.999999999999,347,23306,1763192914397,virt-867c65f0-1
1763192914585,,,13.542,,,,,359960.5024512781,,,,,359960.5024512781,,,,,,0.1,,,,,True,,,,,,,,
1763192914706,,,,,,,,362933.43302279804,,,,,362933.43302279804,,,,,,,,,,,,,,,,,,,
1763192914827,,,13.547,,,,,365473.57041447825,,,,,365473.57041447825,,,,,,,,,,,,,,,,,,,
1763192914948,,,,,,,,368201.22624327824,,,,,368201.22624327824,,,,,,,,,,,,,,,,,,,
1763192915069,,,,,,,,370775.29254199815,,,,,370775.29254199815,,,,,,,,,,,,,,,,,,,
1763192915191,,,13.551,,,,,373752.83534967824,,,,,373752.83534967824,,,,,,,,,,,,False,,,,,,,
1763192915314,,,13.547,,,,,376456.57460327813,,,,,376456.57460327813,,,,,,,,,,,,,,,,,,,
1763192915437,,,,,,,,379456.84948871826,,,,,379456.84948871826,,,,,,,,,,,,,,,,,,,
1763192915557,,,13.542,,,,,382102.8487696782,,,,,382102.8487696782,,,,,,,,,,,,,,,,,,,
1763192915679,,,,,,,,385034.752630158,,,,,385034.752630158,,,,,,,,,,,,,,,,,,,
1763192915801,,,13.547,,,,,387895.598331438,,,,,387895.598331438,,,,,,,,,,,,,,,,,,,
1763192915921,,,,,,,,390720.1307610381,,,,,390720.1307610381,,,,,,,,,,,,,,,,,,,
1763192916043,,,,,,,,393440.87008695817,,,,,393440.87008695817,,,,,,,,,,,,,,,,,,,
1763192916164,,,,,,,,396254.8952835981,,,,,396254.8952835981,,,,,,,,,,,,,,,,,,,
1763192916286,,,,,,,,399144.60819639795,,,,,399144.60819639795,,,,,,,,,,,,,,,,,,,
1763192916407,,,,,,,,401973.5525904777,,,,,401973.5525904777,,,,,,,,,,,,,,,,,,,
1763192916528,,,,,,,,404758.86217207776,,,,,404758.86217207776,,,,,,,,,,,,,,,,,,,
1763192916648,,,,,,,,407526.10019975755,,,,,407526.10019975755,,,,,,,,,,,,,,,,,,,
1763192916771,,,13.542,,,,,410319.8521565576,,,,,410319.8521565576,,,,,,,,,,,,,,,,,,,
1763192916891,,,13.547,,,,,412948.0817392776,,,,,412948.0817392776,,,,,,,,,,,,,,,,,,,
1763192917013,,,13.542,,,,,415587.76590919745,,,,,415587.76590919745,,,,,,,,,,,,,,,,,,,
1763192917133,,,13.547,,,,,418287.45026551763,,,,,418287.45026551763,,,,,,,,,,,,,,,,,,,
1763192917255,,,13.542,,,,,421172.44445367774,,,,,421172.44445367774,,,,,,,,,,,,,,,,,,,
1763192917377,,,,,,,,424095.0105594378,,,,,424095.0105594378,,,,,,,,,,,,,,,,,,,
1763192917498,,,,,,,,427167.00511975796,,,,,427167.00511975796,,,,,,,,,,,,,,,,,,,
1763192917619,,,,,,,,430091.67232983786,,,,,430091.67232983786,,,,,,,,,,,,,,,,,,,
1763192917741,,,,,,,,433076.7460880779,,,,,433076.7460880779,,,,,,,,,,,,,,,,,,,
1763192917865,,,13.547,,,,,436404.713722958,,,,,436404.713722958,,,,,,,,,,,,,,,,,,,
1763192917987,,,,,,,,439573.42416519806,,,,,439573.42416519806,,,,,,,,,,,,,,,,,,,
1763192918108,,,13.542,,,,,442551.70459143794,,,,,442551.70459143794,,,,,,,,,,,,,,,,,,,
1763192918229,,,13.547,,,,,445407.759043598,,,,,445407.759043598,,,,,,,,,,,,,,,,,,,
1763192918349,,,,,,,,448326.310410798,,,,,448326.310410798,,,,,,,,,,,,,,,,,,,
1763192918473,,,,,,,,451264.3562672778,,,,,451264.3562672778,,,,,,,,,,,,,,,,,,,
1763192918594,,,,,,,,454338.10761143774,,,,,454338.10761143774,,,,,,,,,,,,,,,,,,,
1763192918715,,,13.538,,,,,457228.37259351765,,,,,457228.37259351765,,,,,,,,,,,,,,,,,,,
1763192918836,,,13.542,,,,,460403.584341198,,,,,460403.584341198,,,,,,,,,,,,,,,,,,,
1763192918956,,,13.547,,,,,463497.2257709581,,,,,463497.2257709581,,,,,,,,,,,,,,,,,,,
1763192919078,,,13.542,,,,,466539.38226343825,,,,,466539.38226343825,,,,,,,,,,,,,,,,,,,
1763192919200,,,13.547,,,,,469649.13100567815,,,,,469649.13100567815,,,,,,,,,,,,,,,,,,,
1763192919322,,,13.542,,,,,472698.1406314381,,,,,472698.1406314381,,,,,,,,,,,,,,,,,,,
1763192919443,,,,,,,,475910.1523647182,,,,,475910.1523647182,,,,,,,,,,,,,,,,,,,
1763192919564,,,13.547,,,,,478495.6310960782,,,,,478495.6310960782,,,,,,,,,,,,,,,,,,,
1763192919685,,,13.542,,,,,481253.05769639806,,,,,481253.05769639806,,,,,,,,,,,,,,,,,,,
1763192919808,,,,,,,,484034.2672783183,,,,,484034.2672783183,,,,,,,,,,,,,,,,,,,
1763192919928,,,13.547,,,,,486509.5537983184,,,,,486509.5537983184,,,,,,,,,,,,,,,,,,,
1763192920052,,,13.538,,,,,489254.9901042383,,,,,489254.9901042383,,,,,,,,,,,,,,,,,,,
1763192920171,,,13.542,,,,,491863.5249595982,,,,,491863.5249595982,,,,,,,,,,,,,,,,,,,
1763192920294,,,13.547,,,,,494752.3649959179,,,,,494752.3649959179,,,,,,,,,,,,,,,,,,,
1763192920414,,,,,,,,497414.17003271787,,,,,497414.17003271787,,,,,,,,,,,,,,,,,,,
1763192920534,,,13.538,,,,,500207.845844078,,,,,500207.845844078,,,,,,,,,,,,,,,,,,,
1763192920654,,,13.542,,,,,503247.0417520782,,,,,503247.0417520782,,,,,,,,,,,,,,,,,,,
1763192920778,,,,,,,,506503.8146762382,,,,,506503.8146762382,,,,,,,,,,,,,,,,,,,
1763192920897,,,,,,,,509600.292890158,,,,,509600.292890158,,,,,,,,,,,,,,,,,,,
1763192921019,,,13.547,,,,,512669.338273198,,,,,512669.338273198,,,,,,,,,,,,,,,,,,,
1763192921140,,,,,,,,515499.7314555981,,,,,515499.7314555981,,,,,,,,,,,,,,,,,,,
1763192921261,,,,,,,,518366.4731571979,,,,,518366.4731571979,,,,,,,,,,,,,,,,,,,
1763192921383,,,,,,,,521291.1256605579,,,,,521291.1256605579,,,,,,,,,,,,,,,,,,,
1763192921503,,,,,,,,524119.77440823783,,,,,524119.77440823783,,,,,,,,,,,,,,,,,,,
1763192921626,,,13.542,,,,,526952.9733328779,,,,,526952.9733328779,,,,,,,,,,,,,,,,,,,
1763192921747,,,,,,,,529661.1353264777,,,,,529661.1353264777,,,,,,,,,,,,,,,,,,,
1763192921868,,,13.547,,,,,532422.783440878,,,,,532422.783440878,,,,,,,,,,,,,,,,,,,
1763192921991,,,,,,,,535000.051741198,,,,,535000.051741198,,,,,,,,,,,,,,,,,,,
1763192922111,,,,,,,,537710.2377831184,,,,,537710.2377831184,,,,,,,,,,,,,,,,,,,
1763192922233,,,,,,,,540386.9983154383,,,,,540386.9983154383,,,,,,,,,,,,,,,,,,,
1763192922354,,,13.538,,,,,543158.637853518,,,,,543158.637853518,,,,,,,,,,,,,,,,,,,
1763192922477,,,13.542,,,,,545952.262403598,,,,,545952.262403598,,,,,,,,,,,,,,,,,,,
1763192922599,,,,,,,,548812.8470967178,,,,,548812.8470967178,,,,,,,,,,,,,,,,,,,
1763192922728,,,,,,,,551667.9114151179,,,,,551667.9114151179,,,,,,,,,,,,,,,,,,,
1763192922848,,,13.547,,,,,554400.6877562378,,,,,554400.6877562378,,,,,,,,,,,,,,,,,,,
1763192922971,,,,,,,,557346.2965896777,,,,,557346.2965896777,,,,,,,,,,,,,,,,,,,
1763192923092,,,13.542,,,,,560136.884088398,,,,,560136.884088398,,,,,,,,,,,,,,,,,,,
1763192923213,,,13.547,,,,,563050.7056586377,,,,,563050.7056586377,,,,,,,,,,,,,,,,,,,
1763192923334,,,13.542,,,,,565833.971901038,,,,,565833.971901038,,,,,,,,,,,,,,,,,,,
1763192923454,,,,,,,,568685.6477479184,,,,,568685.6477479184,,,,,,,,,,,,,,,,,,,
1763192923576,,,,,,,,571703.8452115982,,,,,571703.8452115982,,,,,,,,,,,,,,,,,,,
1763192923698,,,13.538,,,,,574940.0740754382,,,,,574940.0740754382,,,,,,,,,,,,,,,,,,,
1763192923819,,,13.542,,,,,578130.5179821582,,,,,578130.5179821582,,,,,,,,,,,,,,,,,,,
1763192923940,,,13.547,,,,,580918.7237672783,,,,,580918.7237672783,,,,,,,,,,,,,,,,,,,
1763192924062,,,,,,,,583736.4014093585,,,,,583736.4014093585,,,,,,,,,,,,,,,,,,,
1763192924183,,,13.542,,,,,587008.5446221584,,,,,587008.5446221584,,,,,,,,,,,,,,,,,,,
1763192924305,,,13.547,,,,,590205.1788371984,,,,,590205.1788371984,,,,,,,,,,,,,,,,,,,
1763192924426,,,13.542,,,,,593304.4471301584,,,,,593304.4471301584,,,,,,,,,,,,,,,,,,,
1763192924548,,,13.547,,,,,596329.9720269587,,,,,596329.9720269587,,,,,,,,,,,,,,,,,,,
1763192924670,,,,,,,,599273.8609514385,,,,,599273.8609514385,,,,,,,,,,,,,,,,,,,
1763192924792,,,,,,,,602088.6472698383,,,,,602088.6472698383,,,,,,,,,,,,,,,,,,,
1763192924912,,,13.542,,,,,604933.0828487178,,,,,604933.0828487178,,,,,,,,,,,,,,,,,,,
1763192925038,,,,,,,,607584.9591751179,,,,,607584.9591751179,,,,,,,,,,,,,,,,,,,
1763192925158,,,13.547,,,,,610256.637074638,,,,,610256.637074638,,,,,,,,,,,,,,,,,,,
1763192925281,,,13.542,,,,,613199.943888078,,,,,613199.943888078,,,,,,,,,,,,,,,,,,,
1763192925404,,,,,,,,616075.101182318,,,,,616075.101182318,,,,,,,,,,,,,,,,,,,
1763192925523,,,13.547,,,,,618959.3306658382,,,,,618959.3306658382,,,,,,,,,,,,,,,,,,,
1763192925645,,,,,,,,621761.4890357581,,,,,621761.4890357581,,,,,,,,,,,,,,,,,,,
1763192925768,,,,,,,,624595.4065960782,,,,,624595.4065960782,,,,,,,,,,,,,,,,,,,
1763192925891,,,13.542,,,,,627304.7472194383,,,,,627304.7472194383,,,,,,,,,,,,,,,,,,,
1763192926012,,,13.547,,,,,630175.3974634382,,,,,630175.3974634382,,,,,,,,,,,,,,,,,,,
1763192926135,,,13.542,,,,,632812.597345678,,,,,632812.597345678,,,,,,,,,,,,,,,,,,,
1763192926257,,,,,,,,635635.0479394378,,,,,635635.0479394378,,,,,,,,,,,,,,,,,,,
1763192926379,,,13.533,,,,,638214.0988485576,,,,,638214.0988485576,,,,,,,,,,,,,,,,,,,
1763192926501,,,13.542,,,,,641439.3922059978,,,,,641439.3922059978,,,,,,,,,,,,,,,,,,,
1763192926622,,,,,,,,644501.6187647178,,,,,644501.6187647178,,,,,,,,,,,,,,,,,,,
1763192926745,,,,,,,,647727.0493031183,,,,,647727.0493031183,,,,,,,,,,,,,,,,,,,
1763192926865,,,,,,,,650674.9849735183,,,,,650674.9849735183,,,,,,,,,,,,,,,,,,,
1763192926986,,,,,,,,653769.8132056778,,,,,653769.8132056778,,,,,,,,,,,,,,,,,,,
1763192927109,,,,,,,,656813.2070954376,,,,,656813.2070954376,,,,,,,,,,,,,,,,,,,
1763192927231,,,,,,,,660042.3426823175,,,,,660042.3426823175,,,,,,,,,,,,,,,,,,,
1763192927351,,,,,,,,662999.8712557576,,,,,662999.8712557576,,,,,,,,,,,,,,,,,,,
1763192927472,,,,,,,,666149.513174958,,,,,666149.513174958,,,,,,,,,,,,,,,,,,,
1763192927597,,,,,,,,669381.4754301576,,,,,669381.4754301576,,,,,,,,,,,,,,,,,,,
1763192927718,,,13.547,,,,,672520.6261379975,,,,,672520.6261379975,,,,,,,,,,,,,,,,,,,
1763192927841,,,13.542,,,,,675750.8175107975,,,,,675750.8175107975,,,,,,,,,,,,,,,,,,,
1763192927961,,,,,,,,678451.4837946377,,,,,678451.4837946377,,,,,,,,,,,,,,,,,,,
1763192928083,,,13.547,,,,,681396.1616157575,,,,,681396.1616157575,,,,,,,,,,,,,,,,,,,
1763192928203,,,13.542,,,,,684211.5372389578,,,,,684211.5372389578,,,,,,,,,,,,,,,,,,,
1763192928325,,,13.547,,,,,687233.615480238,,,,,687233.615480238,,,,,,,,,,,,,,,,,,,
1763192928447,,,13.542,,,,,690108.0132442379,,,,,690108.0132442379,,,,,,,,,,,,,,,,,,,
1763192928568,,,,,,,,693027.2836043979,,,,,693027.2836043979,,,,,,,,,,,,,,,,,,,
1763192928689,,,13.547,,,,,695858.8962259983,,,,,695858.8962259983,,,,,,,,,,,,,,,,,,,
1763192928811,,,13.542,,,,,698808.3525629579,,,,,698808.3525629579,,,,,,,,,,,,,,,,,,,
1763192928934,,,,,,,,701581.3023711178,,,,,701581.3023711178,,,,,,,,,,,,,,,,,,,
1763192929055,,,,,,,,704528.363556718,,,,,704528.363556718,,,,,,,,,,,,,,,,,,,
1763192929178,,,13.533,,,,,707013.7016253578,,,,,707013.7016253578,,,,,,,,,,,,,,,,,,,
1763192929299,,,13.538,,,,,710339.4332194381,,,,,710339.4332194381,,,,,,,,,,,,,,,,,,,
1763192929420,,,13.547,,,,,713129.9321989582,,,,,713129.9321989582,,,,,,,,,,,,,,,,,,,
1763192929541,,,13.542,,,,,716000.6817488781,,,,,716000.6817488781,,,,,,,,,,,,,,,,,,,
1763192929662,,,,,,,,718576.234368238,,,,,718576.234368238,,,,,,,,,,,,,,,,,,,
1763192929782,,,,,,,,721471.1749056778,,,,,721471.1749056778,,,,,,,,,,,,,,,,,,,
1763192929904,,,13.538,,,,,724357.4195648778,,,,,724357.4195648778,,,,,,,,,,,,,,,,,,,
1763192930026,,,13.542,,,,,727336.7877642373,,,,,727336.7877642373,,,,,,,,,,,,,,,,,,,
1763192930147,,,13.538,,,,,730046.2044938373,,,,,730046.2044938373,,,,,,,,,,,,,,,,,,,
1763192930270,,,13.542,,,,,733029.2953738373,,,,,733029.2953738373,,,,,,,,,,,,,,,,,,,
1763192930391,,,,,,,,735958.3680266375,,,,,735958.3680266375,,,,,,,,,,,,,,,,,,,
1763192930512,,,,,,,,738781.2739810372,,,,,738781.2739810372,,,,,,,,,,,,,,,,,,,
1763192930635,,,,,,,,741757.3840253572,,,,,741757.3840253572,,,,,,,,,,,,,,,,,,,
1763192930754,,,,,,,,744757.4655103174,,,,,744757.4655103174,,,,,,,,,,,,,,,,,,,
1763192930877,,,,,,,,748038.8573291972,,,,,748038.8573291972,,,,,,,,,,,,,,,,,,,
1763192930999,,,,,,,,750973.2213122371,,,,,750973.2213122371,,,,,,,,,,,,,,,,,,,
1763192931120,,,13.547,,,,,753847.3476162376,,,,,753847.3476162376,,,,,,,,,,,,,,,,,,,
1763192931241,,,13.542,,,,,756443.9336687174,,,,,756443.9336687174,,,,,,,,,,,,,,,,,,,
1763192931363,,,13.547,,,,,759505.3013957574,,,,,759505.3013957574,,,,,,,,,,,,,,,,,,,
1763192931485,,,13.542,,,,,762144.0000227976,,,,,762144.0000227976,,,,,,,,,,,,,,,,,,,
1763192931606,,,,,,,,765131.6279824779,,,,,765131.6279824779,,,,,,,,,,,,,,,,,,,
1763192931729,,,,,,,,767845.4834602379,,,,,767845.4834602379,,,,,,,,,,,,,,,,,,,
1763192931850,,,,,,,,770666.2314445581,,,,,770666.2314445581,,,,,,,,,,,,,,,,,,,
1763192931973,,,13.538,,,,,773140.8345775183,,,,,773140.8345775183,,,,,,,,,,,,,,,,,,,
1763192932094,,,13.542,,,,,776594.7244037583,,,,,776594.7244037583,,,,,,,,,,,,,,,,,,,
1763192932220,,,,,,,,779556.912552398,,,,,779556.912552398,,,,,,,,,,,,,,,,,,,
1763192932340,,,13.547,,,,,782428.3794914382,,,,,782428.3794914382,,,,,,,,,,,,,,,,,,,
1763192932461,,,13.542,,,,,785176.7205285579,,,,,785176.7205285579,,,,,,,,,,,,,,,,,,,
1763192932582,,,,,,,,788083.6301296781,,,,,788083.6301296781,,,,,,,,,,,,,,,,,,,
1763192932702,,,13.547,,,,,790747.8544751186,,,,,790747.8544751186,,,,,,,,,,,,,,,,,,,
1763192932823,,,,,,,,793597.9793023187,,,,,793597.9793023187,,,,,,,,,,,,,,,,,,,
1763192932945,,,13.542,,,,,796255.1920803984,,,,,796255.1920803984,,,,,,,,,,,,,,,,,,,
1763192933067,,,,,,,,799156.3118415184,,,,,799156.3118415184,,,,,,,,,,,,,,,,,,,
1763192933189,,,13.538,,,,,801981.1438453586,,,,,801981.1438453586,,,,,,,,,,,,,,,,,,,
1763192933311,,,13.542,,,,,804901.2978115985,,,,,804901.2978115985,,,,,,,,,,,,,,,,,,,
1763192933433,,,,,,,,807633.0520082389,,,,,807633.0520082389,,,,,,,,,,,,,,,,,,,
1763192933554,,,,,,,,810256.7987506391,,,,,810256.7987506391,,,,,,,,,,,,,,,,,,,
1763192933674,,,,,,,,813020.9987872788,,,,,813020.9987872788,,,,,,,,,,,,,,,,,,,
1763192933796,,,,,,,,816018.2777880785,,,,,816018.2777880785,,,,,,,,,,,,,,,,,,,
1763192933918,,,13.538,,,,,819161.5709301585,,,,,819161.5709301585,,,,,,,,,,,,,,,,,,,
1763192934039,,,,,,,,822045.1777507988,,,,,822045.1777507988,,,,,,,,,,,,,,,,,,,
1763192934161,,,,,,,,825177.8169791187,,,,,825177.8169791187,,,,,,,,,,,,,,,,,,,
1763192934283,,,13.542,,,,,828110.0004632788,,,,,828110.0004632788,,,,,,,,,,,,,,,,,,,
1763192934403,,,13.547,,,,,830956.4395003993,,,,,830956.4395003993,,,,,,,,,,,,,,,,,,,
1763192934524,,,13.542,,,,,833542.7394504794,,,,,833542.7394504794,,,,,,,,,,,,,,,,,,,
1763192934644,,,,,,,,836320.6676407197,,,,,836320.6676407197,,,,,,,,,,,,,,,,,,,
1763192934767,,,,,,,,839125.6677003992,,,,,839125.6677003992,,,,,,,,,,,,,,,,,,,
1763192934887,,,,,,,,842563.1774840791,,,,,842563.1774840791,,,,,,,,,,,,,,,,,,,
1763192935008,,,,,,,,845500.624205519,,,,,845500.624205519,,,,,,,,,,,,,,,,,,,
1763192935129,,,,,,,,848385.8441296791,,,,,848385.8441296791,,,,,,,,,,,,,,,,,,,
1763192935250,,,,,,,,851294.6948173592,,,,,851294.6948173592,,,,,,,,,,,,,,,,,,,
1763192935372,,,,,,,,854565.4121682392,,,,,854565.4121682392,,,,,,,,,,,,,,,,,,,
1763192935494,,,,,,,,857399.0141976794,,,,,857399.0141976794,,,,,,,,,,,,,,,,,,,
1763192935616,,,,,,,,860135.5873690394,,,,,860135.5873690394,1400.0,1400.0,1.0,1.0,6683.5333995473875,0.65,,,,,False,,,,,,,,
1763192935737,,,,,,,,863197.9429371995,,,,,863197.9429371995,,,,,10511.477859747414,,,,,,,,,,,,,,
1763192935859,,,,,,,,866187.7396659995,,,,,866187.7396659995,0.0,0.0,0.0,0.0,11888.96110814736,,,,,,,True,,,,14546,44744,1763192935835,virt-867c65f0-2
1763192935980,,,13.538,,,,,869270.4021591196,,,,,869270.4021591196,,,,,,0.1,,,,,True,,,,,,,,
1763192936101,,,13.542,,,,,872253.0647891993,,,,,872253.0647891993,,,,,,,,,,,,,,,,,,,
1763192936223,,,13.547,,,,,875322.6619256794,,,,,875322.6619256794,,,,,,,,,,,,,,,,,,,
1763192936344,,,13.542,,,,,878334.9284013594,,,,,878334.9284013594,,,,,,,,,,,,,,,,,,,
1763192936466,,,,,,,,881382.4271751192,,,,,881382.4271751192,,,,,,,,,,,,,,,,,,,
1763192936587,,,13.547,,,,,884109.8452021596,,,,,884109.8452021596,,,,,,,,,,,,False,,,,,,,
1763192936708,,,13.533,,,,,886814.1146234395,,,,,886814.1146234395,,,,,,,,,,,,,,,,,,,
1763192936831,,,13.542,,,,,889680.2379483993,,,,,889680.2379483993,,,,,,,,,,,,,,,,,,,
1763192936954,,,,,,,,892574.9762653592,,,,,892574.9762653592,,,,,,,,,,,,,,,,,,,
1763192937076,,,,,,,,895474.9749221593,,,,,895474.9749221593,,,,,,,,,,,,,,,,,,,
1763192937196,,,,,,,,898416.6359975197,,,,,898416.6359975197,,,,,,,,,,,,,,,,,,,
1763192937319,,,,,,,,901319.0536258395,,,,,901319.0536258395,,,,,,,,,,,,,,,,,,,
1763192937441,,,13.547,,,,,904194.8972437595,,,,,904194.8972437595,,,,,,,,,,,,,,,,,,,
1763192937562,,,13.538,,,,,907008.3857207196,,,,,907008.3857207196,,,,,,,,,,,,,,,,,,,
1763192937685,,,13.542,,,,,910346.0514188003,,,,,910346.0514188003,,,,,,,,,,,,,,,,,,,
1763192937807,,,13.547,,,,,913287.40673192,,,,,913287.40673192,,,,,,,,,,,,,,,,,,,
1763192937930,,,,,,,,916138.5174368798,,,,,916138.5174368798,,,,,,,,,,,,,,,,,,,
1763192938053,,,13.538,,,,,918906.1177408799,,,,,918906.1177408799,,,,,,,,,,,,,,,,,,,
1763192938174,,,13.542,,,,,921682.7481120798,,,,,921682.7481120798,,,,,,,,,,,,,,,,,,,
1763192938294,,,,,,,,924446.9772104798,,,,,924446.9772104798,,,,,,,,,,,,,,,,,,,
1763192938416,,,,,,,,927296.1096325597,,,,,927296.1096325597,,,,,,,,,,,,,,,,,,,
1763192938539,,,,,,,,930191.1295735195,,,,,930191.1295735195,,,,,,,,,,,,,,,,,,,
1763192938661,,,,,,,,932995.6118807195,,,,,932995.6118807195,,,,,,,,,,,,,,,,,,,
1763192938783,,,,,,,,935995.9014706397,,,,,935995.9014706397,,,,,,,,,,,,,,,,,,,
1763192938905,,,,,,,,939008.4851672798,,,,,939008.4851672798,,,,,,,,,,,,,,,,,,,
1763192939027,,,13.547,,,,,941974.5106699998,,,,,941974.5106699998,,,,,,,,,,,,,,,,,,,
1763192939148,,,13.542,,,,,944904.8472058395,,,,,944904.8472058395,,,,,,,,,,,,,,,,,,,
1763192939269,,,13.538,,,,,947994.3759138398,,,,,947994.3759138398,,,,,,,,,,,,,,,,,,,
1763192939394,,,13.542,,,,,951240.63211528,,,,,951240.63211528,,,,,,,,,,,,,,,,,,,
1763192939516,,,,,,,,954387.53295768,,,,,954387.53295768,,,,,,,,,,,,,,,,,,,
1763192939638,,,,,,,,957662.7305079197,,,,,957662.7305079197,,,,,,,,,,,,,,,,,,,
1763192939759,,,13.533,,,,,960752.9929200794,,,,,960752.9929200794,,,,,,,,,,,,,,,,,,,
1763192939880,,,13.538,,,,,963916.6704059993,,,,,963916.6704059993,,,,,,,,,,,,,,,,,,,
1763192940002,,,,,,,,966665.7379400791,,,,,966665.7379400791,,,,,,,,,,,,,,,,,,,
1763192940122,,,13.542,,,,,969583.4624863194,,,,,969583.4624863194,,,,,,,,,,,,,,,,,,,
1763192940244,,,13.529,,,,,972052.8059682393,,,,,972052.8059682393,,,,,,,,,,,,,,,,,,,
1763192940364,,,13.538,,,,,975321.3656771991,,,,,975321.3656771991,,,,,,,,,,,,,,,,,,,
1763192940486,,,13.542,,,,,978550.5022563993,,,,,978550.5022563993,,,,,,,,,,,,,,,,,,,
1763192940606,,,,,,,,981332.9848392792,,,,,981332.9848392792,,,,,,,,,,,,,,,,,,,
1763192940728,,,,,,,,984201.4072274396,,,,,984201.4072274396,,,,,,,,,,,,,,,,,,,
1763192940848,,,,,,,,987128.7210938393,,,,,987128.7210938393,,,,,,,,,,,,,,,,,,,
1763192940968,,,13.547,,,,,989930.2970480797,,,,,989930.2970480797,,,,,,,,,,,,,,,,,,,
1763192941091,,,13.542,,,,,992895.9119307991,,,,,992895.9119307991,,,,,,,,,,,,,,,,,,,
1763192941212,,,,,,,,995581.3689439191,,,,,995581.3689439191,,,,,,,,,,,,,,,,,,,
1763192941332,,,,,,,,998412.8933408791,,,,,998412.8933408791,,,,,,,,,,,,,,,,,,,
1763192941454,,,,,,,,1001244.6343525588,,,,,1001244.6343525588,,,,,,,,,,,,,,,,,,,
1763192941576,,,,,,,,1004056.2863218384,,,,,1004056.2863218384,,,,,,,,,,,,,,,,,,,
1763192941700,,,,,,,,1006917.8454328786,,,,,1006917.8454328786,,,,,,,,,,,,,,,,,,,
1763192941820,,,,,,,,1009690.435922638,,,,,1009690.435922638,,,,,,,,,,,,,,,,,,,
1763192941942,,,13.547,,,,,1012720.650438638,,,,,1012720.650438638,,,,,,,,,,,,,,,,,,,
1763192942065,,,13.542,,,,,1015638.4223888782,,,,,1015638.4223888782,,,,,,,,,,,,,,,,,,,
1763192942187,,,,,,,,1018599.8726042379,,,,,1018599.8726042379,,,,,,,,,,,,,,,,,,,
1763192942309,,,13.533,,,,,1021742.3503773574,,,,,1021742.3503773574,,,,,,,,,,,,,,,,,,,
1763192942431,,,13.538,,,,,1024901.9886202373,,,,,1024901.9886202373,,,,,,,,,,,,,,,,,,,
1763192942552,,,13.542,,,,,1027835.3066128775,,,,,1027835.3066128775,,,,,,,,,,,,,,,,,,,
1763192942675,,,,,,,,1030693.9264115973,,,,,1030693.9264115973,,,,,,,,,,,,,,,,,,,
1763192942797,,,,,,,,1033236.1178631175,,,,,1033236.1178631175,,,,,,,,,,,,,,,,,,,
1763192942917,,,13.538,,,,,1036118.2044125574,,,,,1036118.2044125574,,,,,,,,,,,,,,,,,,,
1763192943038,,,13.533,,,,,1038570.2489288773,,,,,1038570.2489288773,,,,,,,,,,,,,,,,,,,
1763192943160,,,13.538,,,,,1041980.9772355976,,,,,1041980.9772355976,,,,,,,,,,,,,,,,,,,
1763192943283,,,,,,,,1044652.7707650377,,,,,1044652.7707650377,,,,,,,,,,,,,,,,,,,
1763192943404,,,,,,,,1047451.0846274376,,,,,1047451.0846274376,,,,,,,,,,,,,,,,,,,
1763192943524,,,,,,,,1049949.1999192776,,,,,1049949.1999192776,,,,,,,,,,,,,,,,,,,
1763192943645,,,13.542,,,,,1052810.4777759174,,,,,1052810.4777759174,1400.0,1400.0,1.0,1.0,13400.670465347293,0.65,,,,,False,,,,,,,,
1763192943765,,,,,,,,1055443.8086080775,,,,,1055443.8086080775,,,,,16692.33400554745,,,,,,,,,,,,,,
1763192943888,,,,,,,,1058199.613306157,,,,,1058199.613306157,0.0,0.0,0.0,0.0,17266.994627747496,,,,,,,True,,,,35984,52749,1763192943841,virt-867c65f0-3
1763192944011,,,,,,,,1060934.6968954364,,,,,1060934.6968954364,,,,,,0.1,,,,,True,,,,,,,,
1763192944132,,,13.538,,,,,1063850.5709071164,,,,,1063850.5709071164,,,,,,,,,,,,,,,,,,,
1763192944253,,,13.542,,,,,1066879.321335596,,,,,1066879.321335596,,,,,,,,,,,,,,,,,,,
1763192944373,,,,,,,,1069845.6895146356,,,,,1069845.6895146356,,,,,,,,,,,,,,,,,,,
1763192944495,,,13.538,,,,,1072828.8725146363,,,,,1072828.8725146363,,,,,,,,,,,,,,,,,,,
1763192944615,,,13.542,,,,,1075675.3396379962,,,,,1075675.3396379962,,,,,,,,,,,,False,,,,,,,
1763192944736,,,,,,,,1078912.7562215158,,,,,1078912.7562215158,,,,,,,,,,,,,,,,,,,
1763192944858,,,,,,,,1081720.7704475957,,,,,1081720.7704475957,,,,,,,,,,,,,,,,,,,
1763192944980,,,,,,,,1084571.8772247157,,,,,1084571.8772247157,,,,,,,,,,,,,,,,,,,
1763192945101,,,13.538,,,,,1087251.5970042357,,,,,1087251.5970042357,,,,,,,,,,,,,,,,,,,
1763192945223,,,13.542,,,,,1090177.324257356,,,,,1090177.324257356,,,,,,,,,,,,,,,,,,,
1763192945345,,,,,,,,1092994.1558413561,,,,,1092994.1558413561,,,,,,,,,,,,,,,,,,,
1763192945466,,,,,,,,1095894.9492579955,,,,,1095894.9492579955,,,,,,,,,,,,,,,,,,,
1763192945588,,,,,,,,1098540.857083115,,,,,1098540.857083115,,,,,,,,,,,,,,,,,,,
1763192945709,,,,,,,,1101435.142675915,,,,,1101435.142675915,,,,,,,,,,,,,,,,,,,
1763192945831,,,,,,,,1104558.597337515,,,,,1104558.597337515,,,,,,,,,,,,,,,,,,,
1763192945953,,,,,,,,1107858.167498955,,,,,1107858.167498955,,,,,,,,,,,,,,,,,,,
1763192946075,,,13.538,,,,,1110818.0480690352,,,,,1110818.0480690352,,,,,,,,,,,,,,,,,,,
1763192946198,,,13.542,,,,,1113924.0362231152,,,,,1113924.0362231152,,,,,,,,,,,,,,,,,,,
1763192946319,,,13.538,,,,,1116367.1264984754,,,,,1116367.1264984754,,,,,,,,,,,,,,,,,,,
1763192946441,,,13.542,,,,,1119535.4416859949,,,,,1119535.4416859949,,,,,,,,,,,,,,,,,,,
1763192946562,,,13.538,,,,,1122430.2832501542,,,,,1122430.2832501542,,,,,,,,,,,,,,,,,,,
1763192946685,,,,,,,,1125345.3124906337,,,,,1125345.3124906337,,,,,,,,,,,,,,,,,,,
1763192946806,,,,,,,,1128186.3066399135,,,,,1128186.3066399135,,,,,,,,,,,,,,,,,,,
1763192946928,,,13.542,,,,,1131242.9145338337,,,,,1131242.9145338337,,,,,,,,,,,,,,,,,,,
1763192947048,,,,,,,,1134352.886390153,,,,,1134352.886390153,,,,,,,,,,,,,,,,,,,
1763192947170,,,,,,,,1137300.6688680733,,,,,1137300.6688680733,,,,,,,,,,,,,,,,,,,
1763192947293,,,,,,,,1140490.2356613528,,,,,1140490.2356613528,,,,,,,,,,,,,,,,,,,
1763192947415,,,13.538,,,,,1143458.7751776727,,,,,1143458.7751776727,,,,,,,,,,,,,,,,,,,
1763192947535,,,13.542,,,,,1146546.4490603926,,,,,1146546.4490603926,,,,,,,,,,,,,,,,,,,
1763192947658,,,13.538,,,,,1149573.1865363924,,,,,1149573.1865363924,,,,,,,,,,,,,,,,,,,
1763192947779,,,13.542,,,,,1152722.2273896732,,,,,1152722.2273896732,,,,,,,,,,,,,,,,,,,
1763192947900,,,13.538,,,,,1155396.983141032,,,,,1155396.983141032,,,,,,,,,,,,,,,,,,,
1763192948021,,,,,,,,1158151.3208015112,,,,,1158151.3208015112,,,,,,,,,,,,,,,,,,,
1763192948142,,,13.542,,,,,1160769.988558952,,,,,1160769.988558952,,,,,,,,,,,,,,,,,,,
1763192948265,,,,,,,,1163723.0127320713,,,,,1163723.0127320713,,,,,,,,,,,,,,,,,,,
1763192948386,,,,,,,,1166378.2263045516,,,,,1166378.2263045516,,,,,,,,,,,,,,,,,,,
1763192948507,,,13.533,,,,,1169306.2725647108,,,,,1169306.2725647108,,,,,,,,,,,,,,,,,,,
1763192948628,,,13.538,,,,,1172248.1338949506,,,,,1172248.1338949506,,,,,,,,,,,,,,,,,,,
1763192948749,,,13.542,,,,,1175073.6940455108,,,,,1175073.6940455108,,,,,,,,,,,,,,,,,,,
1763192948871,,,,,,,,1177866.8276178304,,,,,1177866.8276178304,,,,,,,,,,,,,,,,,,,
1763192948993,,,,,,,,1180888.1271007098,,,,,1180888.1271007098,,,,,,,,,,,,,,,,,,,
1763192949115,,,13.538,,,,,1183680.44170215,,,,,1183680.44170215,,,,,,,,,,,,,,,,,,,
1763192949237,,,,,,,,1186560.5783506304,,,,,1186560.5783506304,,,,,,,,,,,,,,,,,,,
1763192949358,,,13.542,,,,,1189395.0143253496,,,,,1189395.0143253496,,,,,,,,,,,,,,,,,,,
1763192949480,,,,,,,,1192305.3052591097,,,,,1192305.3052591097,,,,,,,,,,,,,,,,,,,
1763192949601,,,13.538,,,,,1195050.2153027894,,,,,1195050.2153027894,,,,,,,,,,,,,,,,,,,
1763192949723,,,,,,,,1198238.2219271094,,,,,1198238.2219271094,,,,,,,,,,,,,,,,,,,
1763192949845,,,13.529,,,,,1201389.7421871088,,,,,1201389.7421871088,,,,,,,,,,,,,,,,,,,
1763192949966,,,13.542,,,,,1204442.924660709,,,,,1204442.924660709,,,,,,,,,,,,,,,,,,,
1763192950088,,,13.533,,,,,1207581.5543299892,,,,,1207581.5543299892,,,,,,,,,,,,,,,,,,,
1763192950208,,,13.538,,,,,1210626.590410789,,,,,1210626.590410789,,,,,,,,,,,,,,,,,,,
1763192950331,,,,,,,,1213595.1505339886,,,,,1213595.1505339886,,,,,,,,,,,,,,,,,,,
1763192950452,,,13.542,,,,,1216332.0738856685,,,,,1216332.0738856685,,,,,,,,,,,,,,,,,,,
1763192950575,,,13.538,,,,,1219501.8613075875,,,,,1219501.8613075875,,,,,,,,,,,,,,,,,,,
1763192950696,,,13.542,,,,,1222516.873415107,,,,,1222516.873415107,,,,,,,,,,,,,,,,,,,
1763192950817,,,,,,,,1225527.2164823068,,,,,1225527.2164823068,,,,,,,,,,,,,,,,,,,
1763192950940,,,13.538,,,,,1228250.9046181466,,,,,1228250.9046181466,,,,,,,,,,,,,,,,,,,
1763192951063,,,,,,,,1231121.6639938266,,,,,1231121.6639938266,,,,,,,,,,,,,,,,,,,
1763192951186,,,,,,,,1234104.316183267,,,,,1234104.316183267,,,,,,,,,,,,,,,,,,,
1763192951308,,,,,,,,1237289.1446888666,,,,,1237289.1446888666,,,,,,,,,,,,,,,,,,,
1763192951429,,,13.542,,,,,1240163.529095747,,,,,1240163.529095747,,,,,,,,,,,,,,,,,,,
1763192951552,,,13.538,,,,,1243012.0156743072,,,,,1243012.0156743072,,,,,,,,,,,,,,,,,,,
1763192951673,,,13.542,,,,,1245907.3580061477,,,,,1245907.3580061477,,,,,,,,,,,,,,,,,,,
1763192951795,,,13.538,,,,,1249073.0846541473,,,,,1249073.0846541473,,,,,,,,,,,,,,,,,,,
1763192951916,,,,,,,,1252241.211988547,,,,,1252241.211988547,,,,,,,,,,,,,,,,,,,
1763192952037,,,,,,,,1255321.7848024666,,,,,1255321.7848024666,,,,,,,,,,,,,,,,,,,
1763192952160,,,13.542,,,,,1258243.403222466,,,,,1258243.403222466,,,,,,,,,,,,,,,,,,,
1763192952282,,,13.538,,,,,1261200.7971987866,,,,,1261200.7971987866,,,,,,,,,,,,,,,,,,,
1763192952404,,,13.542,,,,,1264104.1631344666,,,,,1264104.1631344666,,,,,,,,,,,,,,,,,,,
1763192952526,,,,,,,,1267357.8954322268,,,,,1267357.8954322268,,,,,,,,,,,,,,,,,,,
1763192952647,,,,,,,,1270098.5826491879,,,,,1270098.5826491879,,,,,,,,,,,,,,,,,,,
1763192952768,,,,,,,,1272971.2526877483,,,,,1272971.2526877483,,,,,,,,,,,,,,,,,,,
1763192952889,,,13.538,,,,,1275809.5910482286,,,,,1275809.5910482286,,,,,,,,,,,,,,,,,,,
1763192953012,,,13.542,,,,,1278646.994135908,,,,,1278646.994135908,,,,,,,,,,,,,,,,,,,
1763192953135,,,13.538,,,,,1281541.488105828,,,,,1281541.488105828,,,,,,,,,,,,,,,,,,,
1763192953257,,,13.547,,,,,1284398.1302443885,,,,,1284398.1302443885,,,,,,,,,,,,,,,,,,,
1763192953379,,,13.538,,,,,1287240.4585197484,,,,,1287240.4585197484,,,,,,,,,,,,,,,,,,,
1763192953499,,,13.542,,,,,1289991.3818490289,,,,,1289991.3818490289,,,,,,,,,,,,,,,,,,,
1763192953620,,,13.538,,,,,1292715.5567055088,,,,,1292715.5567055088,,,,,,,,,,,,,,,,,,,
1763192953741,,,,,,,,1295421.3297917487,,,,,1295421.3297917487,,,,,,,,,,,,,,,,,,,
1763192953862,,,,,,,,1298235.0195002286,,,,,1298235.0195002286,,,,,,,,,,,,,,,,,,,
1763192953983,,,13.542,,,,,1301415.6777843894,,,,,1301415.6777843894,,,,,,,,,,,,,,,,,,,
1763192954104,,,13.538,,,,,1304518.3009432685,,,,,1304518.3009432685,,,,,,,,,,,,,,,,,,,
1763192954225,,,13.542,,,,,1307325.8741682286,,,,,1307325.8741682286,,,,,,,,,,,,,,,,,,,
1763192954346,,,,,,,,1310522.0402781488,,,,,1310522.0402781488,,,,,,,,,,,,,,,,,,,
1763192954468,,,13.538,,,,,1313625.2216831082,,,,,1313625.2216831082,,,,,,,,,,,,,,,,,,,
1763192954589,,,,,,,,1316379.603425668,,,,,1316379.603425668,,,,,,,,,,,,,,,,,,,
1763192954710,,,,,,,,1319096.9535823078,,,,,1319096.9535823078,,,,,,,,,,,,,,,,,,,
1763192954832,,,,,,,,1321896.9389931879,,,,,1321896.9389931879,,,,,,,,,,,,,,,,,,,
1763192954953,,,,,,,,1324783.978432388,,,,,1324783.978432388,,,,,,,,,,,,,,,,,,,
1763192955073,,,,,,,,1327772.4283130274,,,,,1327772.4283130274,,,,,,,,,,,,,,,,,,,
1763192955195,,,,,,,,1330848.3324315867,,,,,1330848.3324315867,,,,,,,,,,,,,,,,,,,
1763192955316,,,,,,,,1334010.926336547,,,,,1334010.926336547,,,,,,,,,,,,,,,,,,,
1763192955438,,,,,,,,1337264.8435418264,,,,,1337264.8435418264,,,,,,,,,,,,,,,,,,,
1763192955560,,,,,,,,1340379.2675303067,,,,,1340379.2675303067,,,,,,,,,,,,,,,,,,,
1763192955681,,,,,,,,1343130.1647367072,,,,,1343130.1647367072,,,,,,,,,,,,,,,,,,,
1763192955801,,,13.542,,,,,1345721.6613378283,,,,,1345721.6613378283,,,,,,,,,,,,,,,,,,,
1763192955924,,,,,,,,1348511.656265828,,,,,1348511.656265828,,,,,,,,,,,,,,,,,,,
1763192956050,,,13.538,,,,,1351209.2829335078,,,,,1351209.2829335078,,,,,,,,,,,,,,,,,,,
1763192956172,,,,,,,,1354101.6144007083,,,,,1354101.6144007083,,,,,,,,,,,,,,,,,,,
1763192956294,,,13.542,,,,,1357061.6341464685,,,,,1357061.6341464685,,,,,,,,,,,,,,,,,,,
1763192956414,,,13.529,,,,,1359607.6374754286,,,,,1359607.6374754286,,,,,,,,,,,,,,,,,,,
1763192956536,,,13.538,,,,,1363040.0753951084,,,,,1363040.0753951084,,,,,,,,,,,,,,,,,,,
1763192956658,,,,,,,,1366023.9692255089,,,,,1366023.9692255089,,,,,,,,,,,,,,,,,,,
1763192956780,,,,,,,,1368871.462753829,,,,,1368871.462753829,1400.0,1400.0,1.0,1.0,20777.800144342204,0.65,,,,,False,,,,,,,,
1763192956901,,,13.542,,,,,1371629.9209682292,,,,,1371629.9209682292,0.0,0.0,0.0,0.0,22480.878204942263,,,,,,,True,,,,43988,65794,1763192956884,virt-867c65f0-4
1763192957023,,,13.538,,,,,1374456.3764803887,,,,,1374456.3764803887,,,,,,0.1,,,,,True,,,,,,,,
1763192957145,,,,,,,,1377585.481188069,,,,,1377585.481188069,,,,,,,,,,,,,,,,,,,
1763192957268,,,,,,,,1380738.6870514292,,,,,1380738.6870514292,,,,,,,,,,,,,,,,,,,
1763192957388,,,,,,,,1383619.1810851884,,,,,1383619.1810851884,,,,,,,,,,,,,,,,,,,
1763192957510,,,13.542,,,,,1386473.6267223074,,,,,1386473.6267223074,,,,,,,,,,,,,,,,,,,
1763192957632,,,,,,,,1389244.3770610276,,,,,1389244.3770610276,,,,,,,,,,,,False,,,,,,,
1763192957756,,,13.538,,,,,1392146.3546727083,,,,,1392146.3546727083,,,,,,,,,,,,,,,,,,,
1763192957878,,,,,,,,1394978.9995479083,,,,,1394978.9995479083,,,,,,,,,,,,,,,,,,,
1763192957998,,,,,,,,1397792.1656283885,,,,,1397792.1656283885,,,,,,,,,,,,,,,,,,,
1763192958120,,,,,,,,1400528.8861234284,,,,,1400528.8861234284,,,,,,,,,,,,,,,,,,,
1763192958241,,,,,,,,1403239.6029781487,,,,,1403239.6029781487,,,,,,,,,,,,,,,,,,,
1763192958362,,,,,,,,1405837.5773703086,,,,,1405837.5773703086,,,,,,,,,,,,,,,,,,,
1763192958484,,,,,,,,1408738.528589348,,,,,1408738.528589348,,,,,,,,,,,,,,,,,,,
1763192958608,,,,,,,,1411599.6646752693,,,,,1411599.6646752693,,,,,,,,,,,,,,,,,,,
1763192958731,,,,,,,,1414414.8809023094,,,,,1414414.8809023094,,,,,,,,,,,,,,,,,,,
1763192958852,,,,,,,,1417206.311209989,,,,,1417206.311209989,,,,,,,,,,,,,,,,,,,
1763192958974,,,13.533,,,,,1420286.3972999095,,,,,1420286.3972999095,,,,,,,,,,,,,,,,,,,
1763192959096,,,13.538,,,,,1423019.9769207095,,,,,1423019.9769207095,,,,,,,,,,,,,,,,,,,
1763192959217,,,,,,,,1426214.2248335101,,,,,1426214.2248335101,,,,,,,,,,,,,,,,,,,
1763192959338,,,13.529,,,,,1429149.9127965497,,,,,1429149.9127965497,,,,,,,,,,,,,,,,,,,
1763192959460,,,13.538,,,,,1432110.8994819892,,,,,1432110.8994819892,,,,,,,,,,,,,,,,,,,
1763192959580,,,,,,,,1435012.7712480687,,,,,1435012.7712480687,,,,,,,,,,,,,,,,,,,
1763192959703,,,,,,,,1437795.1636955887,,,,,1437795.1636955887,,,,,,,,,,,,,,,,,,,
1763192959826,,,,,,,,1440720.202635908,,,,,1440720.202635908,,,,,,,,,,,,,,,,,,,
1763192959948,,,,,,,,1443554.656575428,,,,,1443554.656575428,,,,,,,,,,,,,,,,,,,
1763192960069,,,,,,,,1446397.4405440679,,,,,1446397.4405440679,,,,,,,,,,,,,,,,,,,
1763192960189,,,,,,,,1449113.1302648678,,,,,1449113.1302648678,,,,,,,,,,,,,,,,,,,
1763192960311,,,,,,,,1452035.5326915865,,,,,1452035.5326915865,1400.0,1400.0,1.0,1.0,25967.8832030716,0.65,,,,,False,,,,,,,,
1763192960433,,,,,,,,1454838.8010879052,,,,,1454838.8010879052,0.0,0.0,0.0,0.0,28506.334175471467,,,,,,,,,,,,,,
1763192960554,,,13.542,,,,,1457608.1330440657,,,,,1457608.1330440657,,,,,,,,,,,True,True,,,,57034,69347,1763192960438,virt-867c65f0-5
1763192960674,,,13.538,,,,,1460189.2220440656,,,,,1460189.2220440656,,,,,,0.1,,,,,,,,,,,,,
1763192960794,,,,,,,,1462919.395805346,,,,,1462919.395805346,,,,,,,,,,,,,,,,,,,
1763192960916,,,,,,,,1465881.349745186,,,,,1465881.349745186,,,,,,,,,,,,,,,,,,,
1763192961036,,,,,,,,1468926.3583647064,,,,,1468926.3583647064,,,,,,,,,,,,,,,,,,,
1763192961157,,,,,,,,1472035.887552226,,,,,1472035.887552226,,,,,,,,,,,,False,,,,,,,
1763192961279,,,,,,,,1475279.6957427862,,,,,1475279.6957427862,,,,,,,,,,,,,,,,,,,
1763192961400,,,,,,,,1478378.081040066,,,,,1478378.081040066,,,,,,,,,,,,,,,,,,,
1763192961521,,,,,,,,1481104.5984583055,,,,,1481104.5984583055,,,,,,,,,,,,,,,,,,,
1763192961642,,,13.533,,,,,1483802.7602059848,,,,,1483802.7602059848,,,,,,,,,,,,,,,,,,,
1763192961764,,,13.542,,,,,1487043.6114072641,,,,,1487043.6114072641,,,,,,,,,,,,,,,,,,,
1763192961886,,,13.538,,,,,1490152.2462187835,,,,,1490152.2462187835,,,,,,,,,,,,,,,,,,,
1763192962006,,,,,,,,1492782.3221192646,,,,,1492782.3221192646,,,,,,,,,,,,,,,,,,,
1763192962127,,,13.542,,,,,1495582.5087403846,,,,,1495582.5087403846,,,,,,,,,,,,,,,,,,,
1763192962248,,,13.538,,,,,1498273.5981349447,,,,,1498273.5981349447,,,,,,,,,,,,,,,,,,,
1763192962370,,,13.542,,,,,1501163.592622465,,,,,1501163.592622465,,,,,,,,,,,,,,,,,,,
1763192962494,,,13.538,,,,,1503813.3302763859,,,,,1503813.3302763859,,,,,,,,,,,,,,,,,,,
1763192962615,,,,,,,,1506801.9402117461,,,,,1506801.9402117461,,,,,,,,,,,,,,,,,,,
1763192962738,,,,,,,,1509492.354720066,,,,,1509492.354720066,,,,,,,,,,,,,,,,,,,
1763192962861,,,13.542,,,,,1512550.197765666,,,,,1512550.197765666,1400.0,1400.0,1.0,1.0,28846.52283547146,0.65,,,,,False,,,,,,,,
1763192962981,,,13.538,,,,,1515290.691607906,,,,,1515290.691607906,,,,,32272.140138271567,,,,,,,,,,,,,,
1763192963103,,,13.542,,,,,1517919.3844192664,,,,,1517919.3844192664,0.0,0.0,0.0,0.0,33479.42267627129,,,,,,,True,,,,60588,71988,1763192963079,virt-867c65f0-6
1763192963224,,,13.538,,,,,1520453.5506653471,,,,,1520453.5506653471,,,,,,0.1,,,,,True,,,,,,,,
1763192963346,,,,,,,,1523674.8861096664,,,,,1523674.8861096664,,,,,,,,,,,,,,,,,,,
1763192963468,,,,,,,,1526758.3110506264,,,,,1526758.3110506264,,,,,,,,,,,,,,,,,,,
1763192963589,,,13.542,,,,,1529521.9129703068,,,,,1529521.9129703068,,,,,,,,,,,,,,,,,,,
1763192963710,,,13.538,,,,,1532229.0172415068,,,,,1532229.0172415068,,,,,,,,,,,,,,,,,,,
1763192963831,,,,,,,,1535010.8334579873,,,,,1535010.8334579873,,,,,,,,,,,,False,,,,,,,
1763192963952,,,,,,,,1537846.7518680668,,,,,1537846.7518680668,,,,,,,,,,,,,,,,,,,
1763192964074,,,,,,,,1540673.7284221475,,,,,1540673.7284221475,,,,,,,,,,,,,,,,,,,
1763192964195,,,,,,,,1543486.4267256672,,,,,1543486.4267256672,,,,,,,,,,,,,,,,,,,
1763192964318,,,13.529,,,,,1546244.5579605466,,,,,1546244.5579605466,,,,,,,,,,,,,,,,,,,
1763192964439,,,13.533,,,,,1549654.5862258256,,,,,1549654.5862258256,,,,,,,,,,,,,,,,,,,
1763192964562,,,13.538,,,,,1552545.972301026,,,,,1552545.972301026,,,,,,,,,,,,,,,,,,,
1763192964684,,,,,,,,1555469.0662807068,,,,,1555469.0662807068,,,,,,,,,,,,,,,,,,,
1763192964805,,,,,,,,1558176.064370307,,,,,1558176.064370307,,,,,,,,,,,,,,,,,,,
1763192964928,,,,,,,,1561054.516425667,,,,,1561054.516425667,,,,,,,,,,,,,,,,,,,
1763192965049,,,,,,,,1563846.3570341463,,,,,1563846.3570341463,,,,,,,,,,,,,,,,,,,
1763192965170,,,,,,,,1567146.5354664656,,,,,1567146.5354664656,,,,,,,,,,,,,,,,,,,
1763192965292,,,,,,,,1570054.3943728663,,,,,1570054.3943728663,,,,,,,,,,,,,,,,,,,
1763192965414,,,13.542,,,,,1573083.2796919064,,,,,1573083.2796919064,,,,,,,,,,,,,,,,,,,
1763192965538,,,13.533,,,,,1575832.941445346,,,,,1575832.941445346,,,,,,,,,,,,,,,,,,,
1763192965660,,,13.538,,,,,1578867.903110466,,,,,1578867.903110466,,,,,,,,,,,,,,,,,,,
1763192965781,,,,,,,,1581924.7612079063,,,,,1581924.7612079063,,,,,,,,,,,,,,,,,,,
1763192965902,,,,,,,,1585176.5939554258,,,,,1585176.5939554258,,,,,,,,,,,,,,,,,,,
1763192966024,,,13.529,,,,,1588069.0283047068,,,,,1588069.0283047068,,,,,,,,,,,,,,,,,,,
1763192966145,,,13.538,,,,,1591214.622480066,,,,,1591214.622480066,,,,,,,,,,,,,,,,,,,
1763192966267,,,13.542,,,,,1594013.1630461467,,,,,1594013.1630461467,,,,,,,,,,,,,,,,,,,
1763192966389,,,13.538,,,,,1597046.5743434264,,,,,1597046.5743434264,,,,,,,,,,,,,,,,,,,
1763192966512,,,,,,,,1600265.412781346,,,,,1600265.412781346,,,,,,,,,,,,,,,,,,,
1763192966632,,,,,,,,1603254.3967698272,,,,,1603254.3967698272,,,,,,,,,,,,,,,,,,,
1763192966754,,,13.533,,,,,1606200.4133079068,,,,,1606200.4133079068,,,,,,,,,,,,,,,,,,,
1763192966874,,,,,,,,1609349.9797648664,,,,,1609349.9797648664,,,,,,,,,,,,,,,,,,,
1763192966995,,,13.538,,,,,1612432.844486307,,,,,1612432.844486307,,,,,,,,,,,,,,,,,,,
1763192967116,,,,,,,,1614920.6299307866,,,,,1614920.6299307866,,,,,,,,,,,,,,,,,,,
1763192967236,,,,,,,,1617625.8855691862,,,,,1617625.8855691862,,,,,,,,,,,,,,,,,,,
1763192967357,,,13.533,,,,,1620452.5129139859,,,,,1620452.5129139859,,,,,,,,,,,,,,,,,,,
1763192967479,,,13.538,,,,,1623617.3317840649,,,,,1623617.3317840649,,,,,,,,,,,,,,,,,,,
1763192967601,,,,,,,,1626652.412682145,,,,,1626652.412682145,,,,,,,,,,,,,,,,,,,
1763192967721,,,,,,,,1629857.1240504652,,,,,1629857.1240504652,,,,,,,,,,,,,,,,,,,
1763192967843,,,,,,,,1632795.964987106,,,,,1632795.964987106,,,,,,,,,,,,,,,,,,,
1763192967966,,,,,,,,1635933.6868314256,,,,,1635933.6868314256,,,,,,,,,,,,,,,,,,,
1763192968087,,,13.533,,,,,1638939.1668362266,,,,,1638939.1668362266,,,,,,,,,,,,,,,,,,,
1763192968209,,,13.538,,,,,1641935.5331445464,,,,,1641935.5331445464,,,,,,,,,,,,,,,,,,,
1763192968330,,,13.542,,,,,1644781.297297667,,,,,1644781.297297667,,,,,,,,,,,,,,,,,,,
1763192968453,,,13.538,,,,,1647733.2454330279,,,,,1647733.2454330279,,,,,,,,,,,,,,,,,,,
1763192968573,,,13.533,,,,,1650510.868879108,,,,,1650510.868879108,,,,,,,,,,,,,,,,,,,
1763192968694,,,13.538,,,,,1653282.823339908,,,,,1653282.823339908,,,,,,,,,,,,,,,,,,,
1763192968816,,,13.533,,,,,1655969.5511072678,,,,,1655969.5511072678,,,,,,,,,,,,,,,,,,,
1763192968938,,,,,,,,1658888.6078128673,,,,,1658888.6078128673,,,,,,,,,,,,,,,,,,,
1763192969058,,,13.529,,,,,1661542.4128229467,,,,,1661542.4128229467,,,,,,,,,,,,,,,,,,,
1763192969178,,,13.538,,,,,1664336.8540389468,,,,,1664336.8540389468,,,,,,,,,,,,,,,,,,,
1763192969303,,,13.529,,,,,1667049.3221592666,,,,,1667049.3221592666,,,,,,,,,,,,,,,,,,,
1763192969424,,,13.533,,,,,1670278.6952623064,,,,,1670278.6952623064,,,,,,,,,,,,,,,,,,,
1763192969547,,,,,,,,1673214.179069506,,,,,1673214.179069506,,,,,,,,,,,,,,,,,,,
1763192969667,,,13.538,,,,,1675774.479960067,,,,,1675774.479960067,,,,,,,,,,,,,,,,,,,
1763192969790,,,,,,,,1678615.4293485477,,,,,1678615.4293485477,,,,,,,,,,,,,,,,,,,
1763192969910,,,,,,,,1681110.771930308,,,,,1681110.771930308,,,,,,,,,,,,,,,,,,,
1763192970032,,,,,,,,1683980.0675119082,,,,,1683980.0675119082,,,,,,,,,,,,,,,,,,,
1763192970154,,,,,,,,1686679.7364928687,,,,,1686679.7364928687,,,,,,,,,,,,,,,,,,,
1763192970275,,,13.533,,,,,1689503.8586362281,,,,,1689503.8586362281,,,,,,,,,,,,,,,,,,,
1763192970400,,,13.538,,,,,1692275.3662215075,,,,,1692275.3662215075,,,,,,,,,,,,,,,,,,,
1763192970521,,,,,,,,1695094.5720195873,,,,,1695094.5720195873,,,,,,,,,,,,,,,,,,,
1763192970643,,,,,,,,1697995.2125640668,,,,,1697995.2125640668,,,,,,,,,,,,,,,,,,,
1763192970764,,,,,,,,1700831.2655656661,,,,,1700831.2655656661,,,,,,,,,,,,,,,,,,,
1763192970884,,,,,,,,1703605.4135655062,,,,,1703605.4135655062,,,,,,,,,,,,,,,,,,,
1763192971007,,,,,,,,1706487.2966075866,,,,,1706487.2966075866,,,,,,,,,,,,,,,,,,,
1763192971128,,,,,,,,1709243.8529634266,,,,,1709243.8529634266,,,,,,,,,,,,,,,,,,,
1763192971251,,,,,,,,1712038.9582823068,,,,,1712038.9582823068,,,,,,,,,,,,,,,,,,,
1763192971371,,,,,,,,1714747.4763440662,,,,,1714747.4763440662,,,,,,,,,,,,,,,,,,,
1763192971493,,,,,,,,1717612.3083314253,,,,,1717612.3083314253,,,,,,,,,,,,,,,,,,,
1763192971614,,,,,,,,1720324.741507746,,,,,1720324.741507746,,,,,,,,,,,,,,,,,,,
1763192971736,,,13.533,,,,,1723107.8758208654,,,,,1723107.8758208654,,,,,,,,,,,,,,,,,,,
1763192971856,,,,,,,,1725750.1817999054,,,,,1725750.1817999054,,,,,,,,,,,,,,,,,,,
1763192971976,,,13.538,,,,,1728741.3518021456,,,,,1728741.3518021456,,,,,,,,,,,,,,,,,,,
1763192972099,,,13.533,,,,,1731717.1900728666,,,,,1731717.1900728666,,,,,,,,,,,,,,,,,,,
1763192972221,,,13.538,,,,,1734568.4716069468,,,,,1734568.4716069468,,,,,,,,,,,,,,,,,,,
1763192972342,,,,0.0,0.0,0.0,0.0,1737223.3745071066,0.0,0.0,0.0,0.0,1737223.3745071066,,,,,,,,,0,,False,,False,10.9021181375075,,,,,
1763192972464,,,,,,,,,,,,,,,,,,,,,,,0.20416942015256356,,,,10.9481055554175,,,,,
1763192972586,,,,,,,,,,,,,,,,,,,,,,,3.392346364374514e-05,,,,10.992413952820009,,,,,
1763192972707,,,,,,,,,,,,,,,,,,,,,,,7.045627748321546e-09,,,,11.03407295567751,,,,,
1763192972828,,,,,,,,,,,,,,,,,,,,,,,9.365245650948055e-13,,,,11.078819234615013,,,,,
1763192972950,,,,,,,,,,,,,,,,,,,,,,,1.2448546706643108e-16,,,,11.123767954900016,,,,,
1763192973070,,,,,,,,,,,,,,,,,,,,,,,2.5854619983290883e-20,,,,11.166436714845014,,,,,
1763192973191,,,13.542,,,,,,,,,,,,,,,,,,,,4.2958355877713085e-24,,,,11.20917119145502,,,,,
1763192973314,,,13.538,,,,,,,,,,,,,,,,,,,,7.137681160693477e-28,,,,11.254166073485017,,,,,
1763192973436,,,,,,,,,,,,,,,,,,,,,,,1.1859507029725458e-31,,,,11.29733768105502,,,,,
1763192973556,,,,,,,,,,,,,,,,,,,,,,,1.26111910080953e-35,,,,11.344788265302515,,,,,
1763192973678,,,13.533,,,,,,,,,,,,,,,,,,,,1.6763148148151307e-39,,,,11.389415601972525,,,,,
1763192973798,,,13.538,,,,,,,,,,,,,,,,,,,,6.799940739750011e-43,,,,11.427318576067531,,,,,
1763192973919,,,,,,,,,,,,,,,,,,,,,,,1.4122924376490818e-46,,,,11.469154790172528,,,,,
1763192974041,,,,,,,,,,,,,,,,,,,,,,,1.8772586463584872e-50,,,,11.514262826747538,,,,,
1763192974164,,,,,,,,,,,,,,,,,,,,,,,3.1191309350862516e-54,,,,11.558794516345042,,,,,
1763192974290,,,13.533,,,,,,,,,,,,,,,,,,,,3.861297072316927e-57,,,,11.59224585010004,,,,,
1763192974410,,,13.529,,,,,,,,,,,,,,,,,,,,4.1060353348528005e-61,,,,11.639631886385034,,,,,
1763192974533,,,13.533,,,,,,,,,,,,,,,,,,,,1.7884306206780448e-65,,,,11.688374136217528,,,,,
1763192974654,,,,,,,,,,,,,,,,,,,,,,,1.5214285116955244e-69,,,,11.733711283597533,,,,,
1763192974776,,,13.538,,,,,,,,,,,,,,,,,,,,6.626755776777663e-74,,,,11.782958611115028,,,,,
1763192974897,,,13.533,,,,,,,,,,,,,,,,,,,,5.637420351822278e-78,,,,11.827674703655026,,,,,
1763192975019,,,13.538,,,,,,,,,,,,,,,,,,,,1.1708463993202867e-81,,,,11.868341175847522,,,,,
1763192975140,,,13.533,,,,,,,,,,,,,,,,,,,,1.9454022659256172e-85,,,,11.911144425917517,,,,,
1763192975261,,,13.538,,,,,,,,,,,,,,,,,,,,5.0505530369760685e-89,,,,11.950636694257515,,,,,
1763192975381,,,13.533,,,,,,,,,,,,,,,,,,,,4.2965353542048854e-93,,,,11.994310720527505,,,,,
1763192975502,,,13.538,,,,,,,,,,,,,,,,,,,,4.568860062151045e-97,,,,12.039316096940011,,,,,
1763192975622,,,13.533,,,,,,,,,,,,,,,,,,,,7.591320879293488e-101,,,,12.083132993437504,,,,,
1763192975744,,,13.538,,,,,,,,,,,,,,,,,,,,1.5766556621474198e-104,,,,12.125545820555006,,,,,
1763192975866,,,,,,,,,,,,,,,,,,,,,,,2.619668557298948e-108,,,,12.17021606276251,,,,,
1763192975986,,,,,,,,,,,,,,,,,,,,,,,8.501310512791136e-112,,,,12.212601643972507,,,,,
1763192976107,,,13.542,,,,,,,,,,,,,,,,,,,,1.4125224918078274e-115,,,,12.255972124885002,,,,,
1763192976228,,,13.533,,,,,,,,,,,,,,,,,,,,2.9336944387294336e-119,,,,12.299310577192498,,,,,
1763192976350,,,13.538,,,,,,,,,,,,,,,,,,,,3.8995487790376874e-123,,,,12.344303203454997,,,,,
1763192976471,,,13.529,,,,,,,,,,,,,,,,,,,,1.0123807437550373e-126,,,,12.385055823789996,,,,,
1763192976593,,,13.538,,,,,,,,,,,,,,,,,,,,6.889906314202899e-131,,,,12.432909070664994,,,,,
1763192976715,,,,,,,,,,,,,,,,,,,,,,,5.861284071151218e-135,,,,12.479251606064997,,,,,
1763192976837,,,13.533,,,,,,,,,,,,,,,,,,,,3.988983233854672e-139,,,,12.526671672325007,,,,,
1763192976958,,,13.538,,,,,,,,,,,,,,,,,,,,2.171809050278416e-143,,,,12.574907394405006,,,,,
1763192977080,,,13.533,,,,,,,,,,,,,,,,,,,,2.309463512903301e-147,,,,12.618906520345005,,,,,
1763192977201,,,,,,,,,,,,,,,,,,,,,,,1.5717394209765646e-151,,,,12.666004972567496,,,,,
1763192977323,,,13.538,,,,,,,,,,,,,,,,,,,,2.0892000404408276e-155,,,,12.708109900835003,,,,,
1763192977445,,,,,,,,,,,,,,,,,,,,,,,4.3390987227327084e-159,,,,12.749865698904994,,,,,
1763192977565,,,13.533,,,,,,,,,,,,,,,,,,,,1.1264944333458784e-162,,,,12.788572446074992,,,,,
1763192977686,,,13.538,,,,,,,,,,,,,,,,,,,,9.583154802554941e-167,,,,12.836538759942487,,,,,
1763192977808,,,13.533,,,,,,,,,,,,,,,,,,,,6.521957197566322e-171,,,,12.88303515569248,,,,,
1763192977929,,,13.538,,,,,,,,,,,,,,,,,,,,1.0836460117895136e-174,,,,12.92682636843749,,,,,
1763192978051,,,13.533,,,,,,,,,,,,,,,,,,,,9.218640744904287e-179,,,,12.97370617394499,,,,,
1763192978173,,,,,,,,,,,,,,,,,,,,,,,1.9146367751891114e-182,,,,13.016777473982486,,,,,
1763192978294,,,13.538,,,,,,,,,,,,,,,,,,,,4.970681256524849e-186,,,,13.05838731893749,,,,,
1763192978416,,,13.533,,,,,,,,,,,,,,,,,,,,1.0323701069212787e-189,,,,13.100578497494988,,,,,
1763192978539,,,13.525,,,,,,,,,,,,,,,,,,,,2.6801860315063133e-193,,,,13.141755565157487,,,,,
1763192978661,,,13.529,,,,,,,,,,,,,,,,,,,,1.459232074543052e-197,,,,13.191033849404993,,,,,
1763192978782,,,13.538,,,,,,,,,,,,,,,,,,,,1.2413773605311554e-201,,,,13.2,,,,,
1763192978903,,,,,,,,,,,,,,,,,,,,,,,2.578239907736876e-205,,,,,,,,,
1763192979025,,,,,,,,,,,,,,,,,,,,,,,5.354794789396532e-209,,,,,,,,,
1763192979148,,,13.533,,,,,,,,,,,,,,,,,,,,8.897178932186348e-213,,,,,,,,,
1763192979268,,,,,,,,,,,,,,,,,,,,,,,1.847871768776541e-216,,,,,,,,,
1763192979388,,,13.538,,,,,,,,,,,,,,,,,,,,3.0703036095979687e-220,,,,,,,,,
1763192979509,,,13.533,,,,,,,,,,,,,,,,,,,,3.2649068107496844e-224,,,,,,,,,
1763192979630,,,,,,,,,,,,,,,,,,,,,,,1.7775843477411167e-228,,,,,,,,,
1763192979752,,,13.538,,,,,,,,,,,,,,,,,,,,7.742471798412303e-233,,,,,,,,,
1763192979875,,,,,,,,,,,,,,,,,,,,,,,1.6080484798476312e-236,,,,,,,,,
1763192979997,,,13.533,,,,,,,,,,,,,,,,,,,,1.0943810856923405e-240,,,,,,,,,
1763192980123,,,13.538,,,,,,,,,,,,,,,,,,,,7.447971723057934e-245,,,,,,,,,
1763192980245,,,13.533,,,,,,,,,,,,,,,,,,,,4.0550615146918063e-249,,,,,,,,,
1763192980367,,,,,,,,,,,,,,,,,,,,,,,2.759731860458674e-253,,,,,,,,,
1763192980487,,,,,,,,,,,,,,,,,,,,,,,5.7317388277832335e-257,,,,,,,,,
1763192980608,,,,,,,,,,,,,,,,,,,,,,,3.900819309781456e-261,,,,,,,,,
1763192980729,,,13.538,,,,,,,,,,,,,,,,,,,,8.101684739156116e-265,,,,,,,,,
1763192980851,,,,,,,,,,,,,,,,,,,,,,,8.615188934647793e-269,,,,,,,,,
1763192980973,,,,,,,,,,,,,,,,,,,,,,,2.2366309220527918e-272,,,,,,,,,
1763192981095,,,,,,,,,,,,,,,,,,,,,,,2.9729924378308087e-276,,,,,,,,,
1763192981216,,,13.533,,,,,,,,,,,,,,,,,,,,4.939730974526957e-280,,,,,,,,,
1763192981338,,,,,,,,,,,,,,,,,,,,,,,8.207535878733938e-284,,,,,,,,,
1763192981461,,,,,,,,,,,,,,,,,,,,,,,8.72774917313786e-288,,,,,,,,,
1763192981582,,,,,,,,,,,,,,,,,,,,,,,5.939798293055242e-292,,,,,,,,,
1763192981703,,,,,,,,,,,,,,,,,,,,,,,4.042417244387584e-296,,,,,,,,,
1763192981826,,,13.538,,,,,,,,,,,,,,,,,,,,2.200901292803565e-300,,,,,,,,,
1763192981948,,,13.533,,,,,,,,,,,,,,,,,,,,5.713866434284607e-304,,,,,,,,,
1763192982071,,,,,,,,,,,,,,,,,,,,,,,3.8886559890569455e-308,,,,,,,,,
1763192982196,,,13.529,,,,,,,,,,,,,,,,,,,,2.11718570256e-312,,,,,,,,,
1763192982317,,,13.533,,,,,,,,,,,,,,,,,,,,2.8142225e-316,,,,,,,,,
1763192982437,,,13.538,,,,,,,,,,,,,,,,,,,,1.9155e-320,,,,,,,,,
1763192982557,,,13.533,,,,,,,,,,,,,,,,,,,,1e-323,,,,,,,,,
1763192982684,,,13.538,,,,,,,,,,,,,,,,,,,,,,,,,,,,,
1763192982807,,,13.533,,,,,,,,,,,,,,,,,,,,,,,,,,,,,
1763192983047,,,13.538,,,,,,,,,,,,,,,,,,,,,,,,,,,,,
1763192983169,,,13.533,,,,,,,,,,,,,,,,,,,,,,,,,,,,,
1763192983530,,,13.538,,,,,,,,,,,,,,,,,,,,,,,,,,,,,
1763192983775,,,13.533,,,,,,,,,,,,,,,,,,,,,,,,,,,,,
1763192983896,,,13.538,,,,,,,,,,,,,,,,,,,,,,,,,,,,,
1763192984016,,,13.533,,,,,,,,,,,,,,,,,,,,,,,,,,,,,
1763192984863,,,13.538,,,,,,,,,,,,,,,,,,,,,,,,,,,,,
1763192984989,,,13.529,,,,,,,,,,,,,,,,,,,,,,,,,,,,,
1763192985110,,,13.533,,,,,,,,,,,,,,,,,,,,,,,,,,,,,
1763192985477,,,13.529,,,,,,,,,,,,,,,,,,,,,,,,,,,,,
1763192985597,,,13.533,,,,,,,,,,,,,,,,,,,,,,,,,,,,,
1763192985963,,,13.538,,,,,,,,,,,,,,,,,,,,,,,,,,,,,
1763192986206,,,13.533,,,,,,,,,,,,,,,,,,,,,,,,,,,,,
1763192987056,,,13.538,,,,,,,,,,,,,,,,,,,,,,,,,,,,,
1763192987178,,,13.533,,,,,,,,,,,,,,,,,,,,,,,,,,,,,
1763192987784,,,13.538,,,,,,,,,,,,,,,,,,,,,,,,,,,,,
1763192987906,,,13.533,,,,,,,,,,,,,,,,,,,,,,,,,,,,,
1763192988027,,,13.529,,,,,,,,,,,,,,,,,,,,,,,,,,,,,
1763192988150,,,13.533,,,,,,,,,,,,,,,,,,,,,,,,,,,,,
1763192988273,,,13.538,,,,,,,,,,,,,,,,,,,,,,,,,,,,,
1763192988394,,,13.533,,,,,,,,,,,,,,,,,,,,,,,,,,,,,
1763192988641,,,13.529,,,,,,,,,,,,,,,,,,,,,,,,,,,,,
1763192988762,,,13.533,,,,,,,,,,,,,,,,,,,,,,,,,,,,,
1763192990463,,,13.538,,,,,,,,,,,,,,,,,,,,,,,,,,,,,
1763192990704,,,13.529,,,,,,,,,,,,,,,,,,,,,,,,,,,,,
1763192990824,,,13.538,,,,,,,,,,,,,,,,,,,,,,,,,,,,,
1763192990946,,,13.533,,,,,,,,,,,,,,,,,,,,,,,,,,,,,
1763192991796,,,13.529,,,,,,,,,,,,,,,,,,,,,,,,,,,,,
1763192991918,,,13.533,,,,,,,,,,,,,,,,,,,,,,,,,,,,,
1763192992528,,,13.538,,,,,,,,,,,,,,,,,,,,,,,,,,,,,
1763192992649,,,13.533,,,,,,,,,,,,,,,,,,,,,,,,,,,,,
1763192992891,,,13.529,,,,,,,,,,,,,,,,,,,,,,,,,,,,,
1763192993012,,,13.533,,,,,,,,,,,,,,,,,,,,,,,,,,,,,
1763192993254,,,13.538,,,,,,,,,,,,,,,,,,,,,,,,,,,,,
1763192993620,,,13.533,,,,,,,,,,,,,,,,,,,,,,,,,,,,,
1763192994348,,,13.529,,,,,,,,,,,,,,,,,,,,,,,,,,,,,
1763192994469,,,13.538,,,,,,,,,,,,,,,,,,,,,,,,,,,,,
1763192994591,,,13.529,,,,,,,,,,,,,,,,,,,,,,,,,,,,,
1763192994712,,,13.533,,,,,,,,,,,,,,,,,,,,,,,,,,,,,
1763192994833,,,13.525,,,,,,,,,,,,,,,,,,,,,,,,,,,,,
1763192994954,,,13.533,,,,,,,,,,,,,,,,,,,,,,,,,,,,,
1763192995076,,,13.529,,,,,,,,,,,,,,,,,,,,,,,,,,,,,
1763192995197,,,13.533,,,,,,,,,,,,,,,,,,,,,,,,,,,,,
1763192995923,,,13.538,,,,,,,,,,,,,,,,,,,,,,,,,,,,,
1763192996045,,,13.533,,,,,,,,,,,,,,,,,,,,,,,,,,,,,
1763192996653,,,13.538,,,,,,,,,,,,,,,,,,,,,,,,,,,,,
1763192996774,,,13.529,,,,,,,,,,,,,,,,,,,,,,,,,,,,,
1763192996895,,,13.533,,,,,,,,,,,,,,,,,,,,,,,,,,,,,
1763192997623,,,13.529,,,,,,,,,,,,,,,,,,,,,,,,,,,,,
1763192997745,,,13.533,,,,,,,,,,,,,,,,,,,,,,,,,,,,,
1763192997867,,,13.529,,,,,,,,,,,,,,,,,,,,,,,,,,,,,
1763192997987,,,13.533,,,,,,,,,,,,,,,,,,,,,,,,,,,,,
